{"cameraMode":{"drawMode":0,"name":"Shaded","section":"Shading Mode"},"sceneLighting":true,"audioPlay":false,"sceneViewState":{"m_AlwaysRefresh":false,"showFog":true,"showSkybox":true,"showFlares":true,"showImageEffects":true,"showParticleSystems":true,"showVisualEffectGraphs":true,"m_FxEnabled":true},"in2DMode":false,"pivot":{"x":363.4350891113281,"y":318.7879638671875,"z":35.985443115234378},"rotation":{"x":0.13894440233707429,"y":0.07598590105772019,"z":-0.010699264705181122,"w":0.9873296022415161},"size":154.61082458496095,"orthographic":false}