{"cameraMode":{"drawMode":0,"name":"Shaded","section":"Shading Mode"},"sceneLighting":true,"audioPlay":false,"sceneViewState":{"m_AlwaysRefresh":false,"showFog":true,"showSkybox":true,"showFlares":true,"showImageEffects":true,"showParticleSystems":true,"showVisualEffectGraphs":true,"m_FxEnabled":true},"in2DMode":false,"pivot":{"x":-190.5555419921875,"y":39.67229461669922,"z":3.9814834594726564},"rotation":{"x":-0.06383027881383896,"y":-0.8702656626701355,"z":0.11715031415224076,"w":-0.47417864203453066},"size":122.38422393798828,"orthographic":false}